<addon id="plugin.video.allinone.prehrajto"
           name="All-in-One (Prehraj.to)"
           version="0.1-beta"
           provider-name="Custom">
    <requires>
        <import addon="xbmc.python" version="2.26.0"/>
    </requires>
    <extension point="xbmc.python.pluginsource" library="default.py"/>
    <extension point="xbmc.addon.metadata">
        <summary lang="cs">Prehraj.to all-in-one doplněk pro filmy a seriály</summary>
        <description lang="cs">Testovací verze doplňku s přihlášením, vyhledáváním a přehráváním.</description>
        <platform>all</platform>
    </extension>
</addon>